title,link
‘클릭 한번에 150억원’ 비트코인 최고가 경신에... 암호화폐 부자 노린 강력범죄 급증,http://v.daum.net/v/20250530134417903
가격 하락에도 기관 자금은 ‘역주행’···비트코인 ETF에 42억 달러 유입,http://v.daum.net/v/20250530140605584
"""조정 왔나""…비트코인, 기관 수요에도 1억4700만원대로 '털썩'",http://v.daum.net/v/20250530094255957
[비트코인 2025]대세 떠오른 비트코인 비축기업들,http://v.daum.net/v/20250530150900894
[비트코인 2025] 테더 CEO “올해 말 세계 최대 비트코인 채굴기업 될 것”,http://v.daum.net/v/20250530090905481
[비트코인 2025]세계최대 스테이블코인 테더 CEO “비트코인까지 쓸어담을 것”,http://v.daum.net/v/20250530151200002
떨어지는 비트코인,http://v.daum.net/v/20250530103117094
하락세 탄 비트코인,http://v.daum.net/v/20250530103107086
"[비즈 나우] 美, 1경 '은퇴자금' 비트코인 투자 빗장 풀었다",http://v.daum.net/v/20250530074812188
"""지금 들어갈까""...천장 뚫던 비트코인 '주춤'",http://v.daum.net/v/20250530080346539
"비트코인, 미 관세 불확실성 심화에 하락세",http://v.daum.net/v/20250530103119099
“매일 2% 수익” 1300억 대 비트코인 중개사업 BSB77 설립자 1심 징역 12년,http://v.daum.net/v/20250530132639291
비트코인 '관세 불확실성 심화'에 한때 10만5천달러대 거래,http://v.daum.net/v/20250530074335109
[비트코인 2025] 美SEC 가상자산 TF장 “밈코인 살 자유 있어야…투자자 간섭 심하면 안 돼”,http://v.daum.net/v/20250530090900475
"[외신 헤드라인] 트럼프, '퇴직자금' 비트코인 투자 길 열었다",http://v.daum.net/v/20250530062716154
"신고가 찍은 비트코인...""조정 온다""vs""매도세 미미""",http://v.daum.net/v/20250529142306627
"가상자산 왕국 향한 트럼프家의 야심…“비트코인은 이미 주류, 달러 넘어 패권 쥔다”",http://v.daum.net/v/20250530002400565
"[Today’s PICK] 미국 정부, 1경 은퇴자금…비트코인 투자 빗장 풀어",http://v.daum.net/v/20250530000202204
최고 투자자는 중국인…밈코인으로 대통령과의 만남을 ‘샀다’[비트코인 A to Z],http://v.daum.net/v/20250530095307440
"SEC, 바이낸스 소송 철회…美 역사상 최대 암호화폐 단속 막 내렸다",http://v.daum.net/v/20250530102608838
